　十五歲以上現住人口數按性別、年齡、婚姻狀況及教育程度分,,,,,,,,,,,,,,,,,,,,,　十五歲以上現住人口數按性別、年齡、婚姻狀況及教育程度分(續1),,,,,,,,,,,,,,,,,,,,,　十五歲以上現住人口數按性別、年齡、婚姻狀況及教育程度分(續2),,,,,,,,,,,,,,,,,,,,,　十五歲以上現住人口數按性別、年齡、婚姻狀況及教育程度分(續3),,,,,,,,,,,,,,,,,,,,
,,,,,,,,,,,,,,,,,,,,,,,,,,,,,,,,,,,,,,,,,,,,,,,,,,,,,,,,,,,,,,,,,,,,,,,,,,,,,,,,,,,
,中華民國 110年底,,,,,,,,,,,,,,,,,,,單位：人,,中華民國 110年底,,,,,,,,,,,,,,,,,,,單位：人,,中華民國 110年底,,,,,,,,,,,,,,,,,,,單位：人,,中華民國 110年底,,,,,,,,,,,,,,,,,,,單位：人
"婚姻狀況及
婚姻類型",性別,總　　　　　　　　　　　　　　　　　　　　計,,,,,,,,,,,,,,,,,,,"婚姻狀況及
婚姻類型",性別,博　　　　　　士　　　　　　畢　　　　　　業,,,,,,,,,,,,,,,,,,,"婚姻狀況及
婚姻類型",性別,碩　　　　　　士　　　　　　畢　　　　　　業,,,,,,,,,,,,,,,,,,,"婚姻狀況及
婚姻類型",性別,大　　　　　　學　　　　　　畢　　　　　　業,,,,,,,,,,,,,,,,,,
,,總　計,15～19歲,20～24歲,25～29歲,30～34歲,35～39歲,40～44歲,45～49歲,50～54歲,55～59歲,60～64歲,65～69歲,70～74歲,75～79歲,80～84歲,85～89歲,90～94歲,95～99歲,"100歲
以上",,,合　計,15～19歲,20～24歲,25～29歲,30～34歲,35～39歲,40～44歲,45～49歲,50～54歲,55～59歲,60～64歲,65～69歲,70～74歲,75～79歲,80～84歲,85～89歲,90～94歲,95～99歲,"100歲
以上",,,合　計,15～19歲,20～24歲,25～29歲,30～34歲,35～39歲,40～44歲,45～49歲,50～54歲,55～59歲,60～64歲,65～69歲,70～74歲,75～79歲,80～84歲,85～89歲,90～94歲,95～99歲,"100歲
以上",,,合　計,15～19歲,20～24歲,25～29歲,30～34歲,35～39歲,40～44歲,45～49歲,50～54歲,55～59歲,60～64歲,65～69歲,70～74歲,75～79歲,80～84歲,85～89歲,90～94歲,95～99歲,"100歲
以上"
,計,"20,485,406","1,097,734","1,424,724","1,591,242","1,585,715","1,771,182","1,998,162","1,801,686","1,777,772","1,814,760","1,683,396","1,465,460","1,022,956","575,598","460,369","258,508","120,495","30,909","4,738",,計,"99,577",—,—,415,"3,686","11,281","16,221","14,452","14,222","14,098","10,730","7,292","4,125","1,671",877,364,110,32,1,,計,"1,216,424",—,"9,368","133,125","185,173","207,492","197,788","162,766","129,475","86,683","48,483","29,336","16,249","6,042","2,873","1,082",405,69,15,,計,"4,940,816",—,"431,705","940,658","864,027","752,114","585,281","389,622","272,158","212,738","169,468","140,190","98,304","42,733","22,316","10,426","6,477","2,215",384
總　　　　計,男,"10,078,464","574,085","741,685","825,351","819,451","884,401","985,293","882,337","873,204","886,769","813,629","696,974","476,519","256,442","192,117","102,595","52,177","13,336","2,099",總　　　　計,男,"71,683",—,—,300,"2,606","7,967","11,279","9,603","9,301","10,077","8,320","5,993","3,456","1,509",797,342,104,28,1,總　　　　計,男,"729,915",—,"5,396","81,760","111,480","122,200","113,414","92,912","75,356","53,422","32,205","20,996","12,156","4,791","2,449",940,363,61,14,總　　　　計,男,"2,358,220",—,"199,699","433,187","401,134","341,790","269,254","181,904","126,455","105,604","91,160","82,504","62,004","30,067","17,282","8,453","5,608","1,824",291
,女,"10,406,942","523,649","683,039","765,891","766,264","886,781","1,012,869","919,349","904,568","927,991","869,767","768,486","546,437","319,156","268,252","155,913","68,318","17,573","2,639",,女,"27,894",—,—,115,"1,080","3,314","4,942","4,849","4,921","4,021","2,410","1,299",669,162,80,22,6,4,—,,女,"486,509",—,"3,972","51,365","73,693","85,292","84,374","69,854","54,119","33,261","16,278","8,340","4,093","1,251",424,142,42,8,1,,女,"2,582,596",—,"232,006","507,471","462,893","410,324","316,027","207,718","145,703","107,134","78,308","57,686","36,300","12,666","5,034","1,973",869,391,93
,計,"6,980,709","1,095,521","1,373,356","1,326,270","921,936","652,020","528,236","357,410","263,151","191,260","122,960","75,683","39,381","14,803","9,147","4,755","3,034","1,403",383,,計,"19,208",—,—,356,"2,334","4,136","3,907","2,743","2,147","1,529",912,520,333,161,89,31,8,2,—,,計,"434,156",—,"9,316","123,464","116,200","73,814","44,216","28,424","18,921","10,473","4,646","2,607","1,349",483,161,58,13,9,2,,計,"2,437,024",—,"425,763","825,501","524,260","292,385","164,019","89,523","50,575","29,806","16,775","10,229","5,539","1,631",583,217,135,72,11
未　　　　婚,男,"3,794,143","573,625","724,434","720,044","533,035","385,510","303,663","192,007","136,627","98,632","62,333","34,122","15,544","6,109","3,668","1,933","1,663",921,273,未　　　　婚,男,"10,272",—,—,257,"1,631","2,704","2,183","1,216",788,538,330,247,168,113,64,26,6,1,—,未　　　　婚,男,"245,590",—,"5,375","76,695","72,883","43,885","22,011","11,273","6,639","3,359","1,613",964,526,223,93,37,5,7,2,未　　　　婚,男,"1,165,610",—,"198,212","394,703","270,591","150,493","76,932","35,807","17,659","9,796","5,367","3,280","1,683",538,256,116,108,62,7
,女,"3,186,566","521,896","648,922","606,226","388,901","266,510","224,573","165,403","126,524","92,628","60,627","41,561","23,837","8,694","5,479","2,822","1,371",482,110,,女,"8,936",—,—,99,703,"1,432","1,724","1,527","1,359",991,582,273,165,48,25,5,2,1,—,,女,"188,566",—,"3,941","46,769","43,317","29,929","22,205","17,151","12,282","7,114","3,033","1,643",823,260,68,21,8,2,—,,女,"1,271,414",—,"227,551","430,798","253,669","141,892","87,087","53,716","32,916","20,010","11,408","6,949","3,856","1,093",327,101,27,10,4
,計,"10,228,786","1,956","42,187","230,479","592,689","974,412","1,225,324","1,154,006","1,178,576","1,249,229","1,186,408","1,023,463","675,242","339,292","223,531","91,224","33,322","6,578",868,,計,"74,042",—,—,58,"1,325","6,926","11,789","10,860","10,964","11,374","8,892","6,088","3,387","1,331",676,279,75,17,1,,計,"722,329",—,52,"9,522","67,279","128,598","144,454","123,168","99,176","67,293","38,437","23,416","12,898","4,699","2,236",770,284,36,11,,計,"2,237,775",—,"5,679","109,749","321,036","428,794","385,033","266,200","190,617","154,883","128,722","108,904","76,458","32,690","16,489","7,109","4,138","1,129",145
有　　　　偶,男,"5,144,963",432,"14,269","91,093","255,996","439,983","576,218","561,887","587,476","632,000","614,320","548,830","383,032","202,477","139,942","62,605","27,678","5,951",774,有　　　　偶,男,"57,582",—,—,43,959,"5,128","8,772","7,929","7,961","8,860","7,395","5,271","3,001","1,253",645,274,73,17,1,有　　　　偶,男,"454,833",—,21,"4,997","37,713","75,680","86,880","76,508","63,566","45,754","27,909","18,174","10,467","4,061","2,056",723,277,36,11,有　　　　偶,男,"1,080,154",—,"1,421","36,739","123,692","179,216","177,259","132,303","96,757","84,002","75,143","69,409","52,763","25,479","14,177","6,538","4,022","1,100",134
,女,"5,083,823","1,524","27,918","139,386","336,693","534,429","649,106","592,119","591,100","617,229","572,088","474,633","292,210","136,815","83,589","28,619","5,644",627,94,,女,"16,460",—,—,15,366,"1,798","3,017","2,931","3,003","2,514","1,497",817,386,78,31,5,2,—,—,,女,"267,496",—,31,"4,525","29,566","52,918","57,574","46,660","35,610","21,539","10,528","5,242","2,431",638,180,47,7,—,—,,女,"1,157,621",—,"4,258","73,010","197,344","249,578","207,774","133,897","93,860","70,881","53,579","39,495","23,695","7,211","2,312",571,116,29,11
,計,"10,216,814","1,945","41,544","228,660","589,715","971,802","1,223,376","1,152,937","1,178,051","1,248,977","1,186,333","1,023,439","675,224","339,290","223,530","91,223","33,322","6,578",868,,計,"73,918",—,—,57,"1,323","6,905","11,750","10,837","10,940","11,364","8,890","6,086","3,387","1,331",676,279,75,17,1,,計,"721,118",—,49,"9,468","67,052","128,276","144,162","122,993","99,092","67,257","38,425","23,413","12,896","4,699","2,236",769,284,36,11,,計,"2,233,181",—,"5,597","109,060","319,622","427,665","384,372","265,846","190,465","154,807","128,698","108,900","76,450","32,689","16,489","7,109","4,138","1,129",145
　　不同性別,男,"5,141,548",430,"14,104","90,641","255,255","439,301","575,666","561,522","587,221","631,868","614,277","548,815","383,023","202,475","139,942","62,605","27,678","5,951",774,　　不同性別,男,"57,522",—,—,43,958,"5,120","8,757","7,919","7,945","8,854","7,393","5,269","3,001","1,253",645,274,73,17,1,　　不同性別,男,"454,356",—,19,"4,972","37,637","75,568","86,766","76,439","63,524","45,732","27,899","18,171","10,465","4,061","2,056",723,277,36,11,　　不同性別,男,"1,078,662",—,"1,397","36,542","123,269","178,880","177,038","132,167","96,672","83,959","75,125","69,405","52,759","25,478","14,177","6,538","4,022","1,100",134
,女,"5,075,266","1,515","27,440","138,019","334,460","532,501","647,710","591,415","590,830","617,109","572,056","474,624","292,201","136,815","83,588","28,618","5,644",627,94,,女,"16,396",—,—,14,365,"1,785","2,993","2,918","2,995","2,510","1,497",817,386,78,31,5,2,—,—,,女,"266,762",—,30,"4,496","29,415","52,708","57,396","46,554","35,568","21,525","10,526","5,242","2,431",638,180,46,7,—,—,,女,"1,154,519",—,"4,200","72,518","196,353","248,785","207,334","133,679","93,793","70,848","53,573","39,495","23,691","7,211","2,312",571,116,29,11
,計,"11,972",11,643,"1,819","2,974","2,610","1,948","1,069",525,252,75,24,18,2,1,1,—,—,—,,計,124,—,—,1,2,21,39,23,24,10,2,2,—,—,—,—,—,—,—,,計,"1,211",—,3,54,227,322,292,175,84,36,12,3,2,—,—,1,—,—,—,,計,"4,594",—,82,689,"1,414","1,129",661,354,152,76,24,4,8,1,—,—,—,—,—
　　相同性別,男,"3,415",2,165,452,741,682,552,365,255,132,43,15,9,2,—,—,—,—,—,　　相同性別,男,60,—,—,—,1,8,15,10,16,6,2,2,—,—,—,—,—,—,—,　　相同性別,男,477,—,2,25,76,112,114,69,42,22,10,3,2,—,—,—,—,—,—,　　相同性別,男,"1,492",—,24,197,423,336,221,136,85,43,18,4,4,1,—,—,—,—,—
,女,"8,557",9,478,"1,367","2,233","1,928","1,396",704,270,120,32,9,9,—,1,1,—,—,—,,女,64,—,—,1,1,13,24,13,8,4,—,—,—,—,—,—,—,—,—,,女,734,—,1,29,151,210,178,106,42,14,2,—,—,—,—,1,—,—,—,,女,"3,102",—,58,492,991,793,440,218,67,33,6,—,4,—,—,—,—,—,—
,計,"1,875,561",254,"9,112","34,140","69,761","138,659","229,428","263,519","288,082","288,181","239,762","171,721","87,328","30,789","15,066","5,912","2,876",851,120,,計,"5,003",—,—,1,26,210,504,789,"1,004","1,005",685,450,215,73,31,8,1,1,—,,計,"51,074",—,—,132,"1,663","4,921","8,656","10,345","10,143","7,476","4,135","2,137","1,022",289,98,40,15,2,—,,計,"213,279",—,260,"5,337","18,397","29,950","34,386","31,132","27,239","23,006","17,877","13,319","7,919","2,750","1,007",380,226,83,11
離婚/終止結婚,男,"886,180",28,"2,969","14,160","30,174","58,099","103,320","124,651","141,596","142,047","114,653","82,539","43,395","15,952","7,330","2,839","1,764",578,86,離婚/終止結婚,男,"2,971",—,—,—,15,129,309,428,501,573,441,317,157,66,26,7,1,1,—,離婚/終止結婚,男,"25,443",—,—,67,866,"2,568","4,352","4,825","4,683","3,681","2,158","1,277",648,191,76,37,12,2,—,離婚/終止結婚,男,"93,658",—,66,"1,735","6,769","11,841","14,613","13,145","11,189","10,533","8,863","7,193","4,617","1,799",724,294,193,74,10
,女,"989,381",226,"6,143","19,980","39,587","80,560","126,108","138,868","146,486","146,134","125,109","89,182","43,933","14,837","7,736","3,073","1,112",273,34,,女,"2,032",—,—,1,11,81,195,361,503,432,244,133,58,7,5,1,—,—,—,,女,"25,631",—,—,65,797,"2,353","4,304","5,520","5,460","3,795","1,977",860,374,98,22,3,3,—,—,,女,"119,621",—,194,"3,602","11,628","18,109","19,773","17,987","16,050","12,473","9,014","6,126","3,302",951,283,86,33,9,1
,計,"1,873,869",251,"8,808","33,576","69,367","138,435","229,298","263,472","288,063","288,177","239,761","171,719","87,328","30,789","15,066","5,912","2,876",851,120,,計,"4,999",—,—,1,26,209,502,788,"1,004","1,005",685,450,215,73,31,8,1,1,—,,計,"51,014",—,—,124,"1,642","4,906","8,647","10,344","10,141","7,474","4,134","2,136","1,022",289,98,40,15,2,—,,計,"212,897",—,242,"5,210","18,267","29,886","34,354","31,124","27,237","23,006","17,877","13,318","7,919","2,750","1,007",380,226,83,11
　　不同性別,男,"885,683",27,"2,875","13,972","30,064","58,045","103,287","124,640","141,591","142,046","114,653","82,539","43,395","15,952","7,330","2,839","1,764",578,86,　　不同性別,男,"2,970",—,—,—,15,129,309,427,501,573,441,317,157,66,26,7,1,1,—,　　不同性別,男,"25,419",—,—,61,855,"2,565","4,349","4,825","4,683","3,680","2,158","1,277",648,191,76,37,12,2,—,　　不同性別,男,"93,507",—,56,"1,676","6,721","11,823","14,599","13,143","11,189","10,533","8,863","7,193","4,617","1,799",724,294,193,74,10
,女,"988,186",224,"5,933","19,604","39,303","80,390","126,011","138,832","146,472","146,131","125,108","89,180","43,933","14,837","7,736","3,073","1,112",273,34,,女,"2,029",—,—,1,11,80,193,361,503,432,244,133,58,7,5,1,—,—,—,,女,"25,595",—,—,63,787,"2,341","4,298","5,519","5,458","3,794","1,976",859,374,98,22,3,3,—,—,,女,"119,390",—,186,"3,534","11,546","18,063","19,755","17,981","16,048","12,473","9,014","6,125","3,302",951,283,86,33,9,1
,計,"1,692",3,304,564,394,224,130,47,19,4,1,2,—,—,—,—,—,—,—,,計,4,—,—,—,—,1,2,1,—,—,—,—,—,—,—,—,—,—,—,,計,60,—,—,8,21,15,9,1,2,2,1,1,—,—,—,—,—,—,—,,計,382,—,18,127,130,64,32,8,2,—,—,1,—,—,—,—,—,—,—
　　相同性別,男,497,1,94,188,110,54,33,11,5,1,—,—,—,—,—,—,—,—,—,　　相同性別,男,1,—,—,—,—,—,—,1,—,—,—,—,—,—,—,—,—,—,—,　　相同性別,男,24,—,—,6,11,3,3,—,—,1,—,—,—,—,—,—,—,—,—,　　相同性別,男,151,—,10,59,48,18,14,2,—,—,—,—,—,—,—,—,—,—,—
,女,"1,195",2,210,376,284,170,97,36,14,3,1,2,—,—,—,—,—,—,—,,女,3,—,—,—,—,1,2,—,—,—,—,—,—,—,—,—,—,—,—,,女,36,—,—,2,10,12,6,1,2,1,1,1,—,—,—,—,—,—,—,,女,231,—,8,68,82,46,18,6,2,—,—,1,—,—,—,—,—,—,—
,計,"1,400,350",3,69,353,"1,329","6,091","15,174","26,751","47,963","86,090","134,266","194,593","221,005","190,714","212,625","156,617","81,263","22,077","3,367",,計,"1,324",—,—,—,1,9,21,60,107,190,241,234,190,106,81,46,26,12,—,,計,"8,865",—,—,7,31,159,462,829,"1,235","1,441","1,265","1,176",980,571,378,214,93,22,2,,計,"52,738",—,3,71,334,985,"1,843","2,767","3,727","5,043","6,094","7,738","8,388","5,662","4,237","2,720","1,978",931,217
喪　　　　偶,男,"253,178",—,13,54,246,809,"2,092","3,792","7,505","14,090","22,323","31,483","34,548","31,904","41,177","35,218","21,072","5,886",966,喪　　　　偶,男,858,—,—,—,1,6,15,30,51,106,154,158,130,77,62,35,24,9,—,喪　　　　偶,男,"4,049",—,—,1,18,67,171,306,468,628,525,581,515,316,224,143,69,16,1,喪　　　　偶,男,"18,798",—,—,10,82,240,450,649,850,"1,273","1,787","2,622","2,941","2,251","2,125","1,505","1,285",588,140
,女,"1,147,172",3,56,299,"1,083","5,282","13,082","22,959","40,458","72,000","111,943","163,110","186,457","158,810","171,448","121,399","60,191","16,191","2,401",,女,466,—,—,—,—,3,6,30,56,84,87,76,60,29,19,11,2,3,—,,女,"4,816",—,—,6,13,92,291,523,767,813,740,595,465,255,154,71,24,6,1,,女,"33,940",—,3,61,252,745,"1,393","2,118","2,877","3,770","4,307","5,116","5,447","3,411","2,112","1,215",693,343,77
,計,"1,400,313",3,68,350,"1,324","6,087","15,170","26,746","47,955","86,087","134,263","194,592","221,005","190,714","212,625","156,617","81,263","22,077","3,367",,計,"1,324",—,—,—,1,9,21,60,107,190,241,234,190,106,81,46,26,12,—,,計,"8,859",—,—,6,31,159,460,828,"1,234","1,441","1,264","1,176",980,571,378,214,93,22,2,,計,"52,727",—,3,71,333,983,"1,841","2,766","3,725","5,042","6,093","7,737","8,388","5,662","4,237","2,720","1,978",931,217
　　不同性別,男,"253,160",—,13,52,244,808,"2,090","3,789","7,500","14,088","22,323","31,482","34,548","31,904","41,177","35,218","21,072","5,886",966,　　不同性別,男,858,—,—,—,1,6,15,30,51,106,154,158,130,77,62,35,24,9,—,　　不同性別,男,"4,046",—,—,—,18,67,170,305,468,628,525,581,515,316,224,143,69,16,1,　　不同性別,男,"18,794",—,—,10,81,240,449,649,849,"1,273","1,787","2,621","2,941","2,251","2,125","1,505","1,285",588,140
,女,"1,147,153",3,55,298,"1,080","5,279","13,080","22,957","40,455","71,999","111,940","163,110","186,457","158,810","171,448","121,399","60,191","16,191","2,401",,女,466,—,—,—,—,3,6,30,56,84,87,76,60,29,19,11,2,3,—,,女,"4,813",—,—,6,13,92,290,523,766,813,739,595,465,255,154,71,24,6,1,,女,"33,933",—,3,61,252,743,"1,392","2,117","2,876","3,769","4,306","5,116","5,447","3,411","2,112","1,215",693,343,77
,計,37,—,1,3,5,4,4,5,8,3,3,1,—,—,—,—,—,—,—,,計,—,—,—,—,—,—,—,—,—,—,—,—,—,—,—,—,—,—,—,,計,6,—,—,1,—,—,2,1,1,—,1,—,—,—,—,—,—,—,—,,計,11,—,—,—,1,2,2,1,2,1,1,1,—,—,—,—,—,—,—
　　相同性別,男,18,—,—,2,2,1,2,3,5,2,—,1,—,—,—,—,—,—,—,　　相同性別,男,—,—,—,—,—,—,—,—,—,—,—,—,—,—,—,—,—,—,—,　　相同性別,男,3,—,—,1,—,—,1,1,—,—,—,—,—,—,—,—,—,—,—,　　相同性別,男,4,—,—,—,1,—,1,—,1,—,—,1,—,—,—,—,—,—,—
,女,19,—,1,1,3,3,2,2,3,1,3,—,—,—,—,—,—,—,—,,女,—,—,—,—,—,—,—,—,—,—,—,—,—,—,—,—,—,—,—,,女,3,—,—,—,—,—,1,—,1,—,1,—,—,—,—,—,—,—,—,,女,7,—,—,—,—,2,1,1,1,1,1,—,—,—,—,—,—,—,—
,,,,,,,,,,,,,,,,,,,,,,,,,,,,,,,,,,,,,,,,,,,,,,,,,,,,,,,,,,,,,,,,,,,,,,,,,,,,,,,,,,,
備註：司法院釋字第748號解釋施行法自108年5月24日施行後，相同性別2人可至戶政事務所辦理結婚登記及終上結婚登記，爰於婚姻狀況別項下增列婚姻類型。,,,,,,,,,,,,,,,,,,,,,,,,,,,,,,,,,,,,,,,,,,,,,,,,,,,,,,,,,,,,,,,,,,,,,,,,,,,,,,,,,,,
,,,,,,,,,,,,,,,,,,,,,,,,,,,,,,,,,,,,,,,,,,,,,,,,,,,,,,,,,,,,,,,,,,,,,,,,,,,,,,,,,,,
,,,,,,,,,,,,,,,,,,,,,,,,,,,,,,,,,,,,,,,,,,,,,,,,,,,,,,,,,,,,,,,,,,,,,,,,,,,,,,,,,,,
更新日期：2022/3/10,,,,,,,,,,,,,,,,,,,,,,,,,,,,,,,,,,,,,,,,,,,,,,,,,,,,,,,,,,,,,,,,,,,,,,,,,,,,,,,,,,,
,,,,,,,,,,,,,,,,,,,,,,,,,,,,,,,,,,,,,,,,,,,,,,,,,,,,,,,,,,,,,,,,,,,,,,,,,,,,,,,,,,,
,,,,,,,,,,,,,,,,,,,,,,,,,,,,,,,,,,,,,,,,,,,,,,,,,,,,,,,,,,,,,,,,,,,,,,,,,,,,,,,,,,,
,,,,,,,,,,,,,,,,,,,,,,,,,,,,,,,,,,,,,,,,,,,,,,,,,,,,,,,,,,,,,,,,,,,,,,,,,,,,,,,,,,,
,,,,,,,,,,,,,,,,,,,,,,,,,,,,,,,,,,,,,,,,,,,,,,,,,,,,,,,,,,,,,,,,,,,,,,,,,,,,,,,,,,,
　十五歲以上現住人口數按性別、年齡、婚姻狀況及教育程度分(續4),,,,,,,,,,,,,,,,,,,,,　十五歲以上現住人口數按性別、年齡、婚姻狀況及教育程度分(續5),,,,,,,,,,,,,,,,,,,,,　十五歲以上現住人口數按性別、年齡、婚姻狀況及教育程度分(續6),,,,,,,,,,,,,,,,,,,,,　十五歲以上現住人口數按性別、年齡、婚姻狀況及教育程度分(續7完),,,,,,,,,,,,,,,,,,,,
,,,,,,,,,,,,,,,,,,,,,,,,,,,,,,,,,,,,,,,,,,,,,,,,,,,,,,,,,,,,,,,,,,,,,,,,,,,,,,,,,,,
,中華民國 110年底,,,,,,,,,,,,,,,,,,,單位：人,,中華民國 110年底,,,,,,,,,,,,,,,,,,,單位：人,,中華民國 110年底,,,,,,,,,,,,,,,,,,,單位：人,,中華民國 110年底,,,,,,,,,,,,,,,,,,,單位：人
"婚姻狀況及
婚姻類型",性別,專　　　　　　科　　　　　　畢　　　　　　業,,,,,,,,,,,,,,,,,,,"婚姻狀況及
婚姻類型",性別,高　　　　　　中　　　　　　畢　　　　　　業,,,,,,,,,,,,,,,,,,,"婚姻狀況及
婚姻類型",性別,國　　　　　　中　　　　　　畢　　　　　　業,,,,,,,,,,,,,,,,,,,"婚姻狀況及
婚姻類型",性別,國　　小　　畢　　業　　以　　下,,,,,,,,,,,,,,,,,,
,,合　計,15～19歲,20～24歲,25～29歲,30～34歲,35～39歲,40～44歲,45～49歲,50～54歲,55～59歲,60～64歲,65～69歲,70～74歲,75～79歲,80～84歲,85～89歲,90～94歲,95～99歲,"100歲
以上",,,合　計,15～19歲,20～24歲,25～29歲,30～34歲,35～39歲,40～44歲,45～49歲,50～54歲,55～59歲,60～64歲,65～69歲,70～74歲,75～79歲,80～84歲,85～89歲,90～94歲,95～99歲,"100歲
以上",,,合　計,15～19歲,20～24歲,25～29歲,30～34歲,35～39歲,40～44歲,45～49歲,50～54歲,55～59歲,60～64歲,65～69歲,70～74歲,75～79歲,80～84歲,85～89歲,90～94歲,95～99歲,"100歲
以上",,,合　計,15～19歲,20～24歲,25～29歲,30～34歲,35～39歲,40～44歲,45～49歲,50～54歲,55～59歲,60～64歲,65～69歲,70～74歲,75～79歲,80～84歲,85～89歲,90～94歲,95～99歲,"100歲
以上"
,計,"2,009,515",—,"61,589","51,879","60,682","151,916","323,757","353,481","304,762","249,924","183,645","139,578","74,049","24,945","14,707","7,794","5,279","1,373",155,,計,"6,265,384","327,800","807,393","368,920","354,401","446,658","632,308","621,548","703,843","685,709","563,112","391,145","194,640","82,573","46,104","20,908","13,721","4,062",539,,計,"3,438,305","690,384","109,189","93,025","108,471","176,244","206,948","224,785","309,224","470,962","492,761","258,100","140,050","74,653","42,833","23,567","13,388","3,245",476,,計,"2,515,385","79,550","5,480","3,220","9,275","25,477","35,859","35,032","44,088","94,646","215,197","499,819","495,539","342,981","330,659","194,367","81,115","19,913","3,168"
總　　　　計,男,"1,005,825",—,"22,850","24,802","28,201","66,615","136,154","161,466","153,354","137,514","107,982","86,687","45,672","15,081","8,871","5,287","4,107","1,066",116,總　　　　計,男,"3,236,039","173,172","444,838","224,930","205,994","241,855","326,834","298,174","330,489","313,864","270,699","197,625","104,592","48,783","28,999","13,273","9,086","2,541",291,總　　　　計,男,"1,794,385","359,513","66,191","58,834","65,812","97,351","117,929","125,189","161,229","235,359","238,322","123,946","68,092","35,762","19,916","10,869","7,817","1,953",301,總　　　　計,男,"882,397","41,400","2,711","1,538","4,224","6,623","10,429","13,089","17,020","30,929","64,941","179,223","180,547","120,449","113,803","63,431","25,092","5,863","1,085"
,女,"1,003,690",—,"38,739","27,077","32,481","85,301","187,603","192,015","151,408","112,410","75,663","52,891","28,377","9,864","5,836","2,507","1,172",307,39,,女,"3,029,345","154,628","362,555","143,990","148,407","204,803","305,474","323,374","373,354","371,845","292,413","193,520","90,048","33,790","17,105","7,635","4,635","1,521",248,,女,"1,643,920","330,871","42,998","34,191","42,659","78,893","89,019","99,596","147,995","235,603","254,439","134,154","71,958","38,891","22,917","12,698","5,571","1,292",175,,女,"1,632,988","38,150","2,769","1,682","5,051","18,854","25,430","21,943","27,068","63,717","150,256","320,596","314,992","222,532","216,856","130,936","56,023","14,050","2,083"
,計,"417,636",—,"59,431","38,920","28,721","47,763","78,763","66,205","44,172","27,003","14,291","7,707","3,494",696,257,99,82,25,7,,計,"2,266,407","327,316","781,992","276,826","193,703","165,419","171,130","114,335","92,437","67,133","40,746","22,119","8,960","2,364",940,410,369,183,25,,計,"1,204,237","688,703","91,772","59,030","52,683","63,363","59,022","47,853","45,769","43,950","31,064","12,276","4,868","1,828",885,492,423,211,45,,計,"202,041","79,502","5,082","2,173","4,035","5,140","7,179","8,327","9,130","11,366","14,526","20,225","14,838","7,640","6,232","3,448","2,004",901,293
未　　　　婚,男,"194,835",—,"22,491","20,457","15,957","25,842","38,734","31,086","19,645","11,348","5,563","2,472",890,162,63,43,55,22,5,未　　　　婚,男,"1,335,016","173,064","436,294","184,345","130,538","111,357","112,056","69,991","51,943","33,902","18,594","8,390","2,792",758,365,194,269,144,20,未　　　　婚,男,"728,856","359,168","59,483","42,374","38,738","47,551","46,659","37,023","33,939","32,085","21,273","6,865","1,984",651,332,208,309,176,38,未　　　　婚,男,"113,964","41,393","2,579","1,213","2,697","3,678","5,088","5,611","6,014","7,604","9,593","11,904","7,501","3,664","2,495","1,309",911,509,201
,女,"222,801",—,"36,940","18,463","12,764","21,921","40,029","35,119","24,527","15,655","8,728","5,235","2,604",534,194,56,27,3,2,,女,"931,391","154,252","345,698","92,481","63,165","54,062","59,074","44,344","40,494","33,231","22,152","13,729","6,168","1,606",575,216,100,39,5,,女,"475,381","329,535","32,289","16,656","13,945","15,812","12,363","10,830","11,830","11,865","9,791","5,411","2,884","1,177",553,284,114,35,7,,女,"88,077","38,109","2,503",960,"1,338","1,462","2,091","2,716","3,116","3,762","4,933","8,321","7,337","3,976","3,737","2,139","1,093",392,92
,計,"1,333,431",—,"1,971","11,752","28,459","92,389","214,198","245,259","217,458","183,772","138,960","106,979","56,035","18,155","9,775","4,613","3,004",608,44,,計,"3,042,111",452,"21,555","75,253","132,102","227,113","355,887","378,568","460,130","470,773","399,300","280,452","136,971","55,988","28,909","10,985","6,145","1,386",142,,計,"1,538,485","1,465","12,643","23,391","38,863","77,659","95,484","113,095","178,621","307,006","337,739","176,831","92,547","45,113","22,396","9,489","4,978","1,028",137,,計,"1,280,613",39,287,754,"3,625","12,933","18,479","16,856","21,610","54,128","134,358","320,793","296,946","181,316","143,050","57,979","14,698","2,374",388
有　　　　偶,男,"693,824",—,321,"4,001","11,041","36,374","85,631","112,110","113,157","106,588","87,234","71,824","38,309","12,646","7,186","3,902","2,865",592,43,有　　　　偶,男,"1,505,224",102,"7,344","33,680","62,655","106,997","168,044","171,615","212,186","219,542","204,427","156,102","84,488","39,475","22,298","9,203","5,639","1,299",128,有　　　　偶,男,"784,902",324,"5,056","11,429","18,893","34,748","46,414","56,649","86,876","151,233","170,547","93,961","53,931","27,967","14,579","6,787","4,414",966,128,有　　　　偶,男,"568,444",6,106,204,"1,043","1,840","3,218","4,773","6,973","16,021","41,665","134,089","140,073","91,596","79,001","35,178","10,388","1,941",329
,女,"639,607",—,"1,650","7,751","17,418","56,015","128,567","133,149","104,301","77,184","51,726","35,155","17,726","5,509","2,589",711,139,16,1,,女,"1,536,887",350,"14,211","41,573","69,447","120,116","187,843","206,953","247,944","251,231","194,873","124,350","52,483","16,513","6,611","1,782",506,87,14,,女,"753,583","1,141","7,587","11,962","19,970","42,911","49,070","56,446","91,745","155,773","167,192","82,870","38,616","17,146","7,817","2,702",564,62,9,,女,"712,169",33,181,550,"2,582","11,093","15,261","12,083","14,637","38,107","92,693","186,704","156,873","89,720","64,049","22,801","4,310",433,59
,計,"1,332,353",—,"1,940","11,653","28,336","92,172","213,921","245,058","217,381","183,735","138,951","106,976","56,032","18,154","9,775","4,613","3,004",608,44,,計,"3,038,623",449,"21,252","74,578","131,273","226,453","355,354","378,325","459,988","470,702","399,280","280,445","136,970","55,988","28,908","10,985","6,145","1,386",142,,計,"1,537,133","1,458","12,424","23,096","38,514","77,426","95,357","113,039","178,580","306,991","337,734","176,828","92,545","45,113","22,396","9,489","4,978","1,028",137,,計,"1,280,488",38,282,748,"3,595","12,905","18,460","16,839","21,605","54,121","134,355","320,791","296,944","181,316","143,050","57,979","14,698","2,374",388
　　不同性別,男,"693,516",—,313,"3,983","11,027","36,320","85,568","112,031","113,114","106,568","87,229","71,823","38,307","12,645","7,186","3,902","2,865",592,43,　　不同性別,男,"1,504,373",101,"7,251","33,521","62,479","106,861","167,920","171,556","212,130","219,508","204,419","156,097","84,488","39,475","22,298","9,203","5,639","1,299",128,　　不同性別,男,"784,693",323,"5,019","11,377","18,844","34,714","46,400","56,642","86,864","151,231","170,547","93,961","53,930","27,967","14,579","6,787","4,414",966,128,　　不同性別,男,"568,426",6,105,203,"1,041","1,838","3,217","4,768","6,972","16,016","41,665","134,089","140,073","91,596","79,001","35,178","10,388","1,941",329
,女,"638,837",—,"1,627","7,670","17,309","55,852","128,353","133,027","104,267","77,167","51,722","35,153","17,725","5,509","2,589",711,139,16,1,,女,"1,534,250",348,"14,001","41,057","68,794","119,592","187,434","206,769","247,858","251,194","194,861","124,348","52,482","16,513","6,610","1,782",506,87,14,,女,"752,440","1,135","7,405","11,719","19,670","42,712","48,957","56,397","91,716","155,760","167,187","82,867","38,615","17,146","7,817","2,702",564,62,9,,女,"712,062",32,177,545,"2,554","11,067","15,243","12,071","14,633","38,105","92,690","186,702","156,871","89,720","64,049","22,801","4,310",433,59
,計,"1,078",—,31,99,123,217,277,201,77,37,9,3,3,1,—,—,—,—,—,,計,"3,488",3,303,675,829,660,533,243,142,71,20,7,1,—,1,—,—,—,—,,計,"1,352",7,219,295,349,233,127,56,41,15,5,3,2,—,—,—,—,—,—,,計,125,1,5,6,30,28,19,17,5,7,3,2,2,—,—,—,—,—,—
　　相同性別,男,308,—,8,18,14,54,63,79,43,20,5,1,2,1,—,—,—,—,—,　　相同性別,男,851,1,93,159,176,136,124,59,56,34,8,5,—,—,—,—,—,—,—,　　相同性別,男,209,1,37,52,49,34,14,7,12,2,—,—,1,—,—,—,—,—,—,　　相同性別,男,18,—,1,1,2,2,1,5,1,5,—,—,—,—,—,—,—,—,—
,女,770,—,23,81,109,163,214,122,34,17,4,2,1,—,—,—,—,—,—,,女,"2,637",2,210,516,653,524,409,184,86,37,12,2,1,—,1,—,—,—,—,,女,"1,143",6,182,243,300,199,113,49,29,13,5,3,1,—,—,—,—,—,—,,女,107,1,4,5,28,26,18,12,4,2,3,2,2,—,—,—,—,—,—
,計,"202,522",—,186,"1,189","3,425","11,410","29,060","38,626","38,135","32,531","22,779","15,869","6,695","1,552",581,263,164,51,6,,計,"731,918",32,"3,817","16,675","28,126","52,163","99,612","117,396","130,709","117,085","85,838","51,231","20,028","5,639","2,126",752,501,170,18,,計,"462,735",213,"4,742","10,523","16,581","33,546","48,739","57,286","70,754","88,664","76,280","33,740","13,585","4,841","1,857",749,495,123,17,,計,"209,030",9,107,283,"1,543","6,459","8,471","7,945","10,098","18,414","32,168","54,975","37,864","15,645","9,366","3,720","1,474",421,68
離婚/終止結婚,男,"99,549",—,38,343,"1,194","4,325","11,510","17,650","19,367","17,651","12,739","9,258","3,902",899,313,184,130,41,5,離婚/終止結婚,男,"345,666",6,"1,196","6,880","12,724","23,240","45,965","55,122","63,385","55,543","40,458","25,009","10,555","3,316","1,298",448,376,130,15,離婚/終止結婚,男,"238,242",21,"1,644","5,014","8,122","14,900","24,473","30,840","38,646","47,462","38,788","17,035","6,994","2,533",919,380,362,95,14,離婚/終止結婚,男,"80,651",1,25,121,484,"1,096","2,098","2,641","3,825","6,604","11,206","22,450","16,522","7,148","3,974","1,489",690,235,42
,女,"102,973",—,148,846,"2,231","7,085","17,550","20,976","18,768","14,880","10,040","6,611","2,793",653,268,79,34,10,1,,女,"386,252",26,"2,621","9,795","15,402","28,923","53,647","62,274","67,324","61,542","45,380","26,222","9,473","2,323",828,304,125,40,3,,女,"224,493",192,"3,098","5,509","8,459","18,646","24,266","26,446","32,108","41,202","37,492","16,705","6,591","2,308",938,369,133,28,3,,女,"128,379",8,82,162,"1,059","5,363","6,373","5,304","6,273","11,810","20,962","32,525","21,342","8,497","5,392","2,231",784,186,26
,計,"202,408",—,172,"1,160","3,406","11,394","29,041","38,613","38,131","32,531","22,779","15,869","6,695","1,552",581,263,164,51,6,,計,"731,202",29,"3,668","16,414","27,977","52,083","99,564","117,378","130,703","117,083","85,838","51,231","20,028","5,639","2,126",752,501,170,18,,計,"462,344",213,"4,621","10,387","16,511","33,506","48,724","57,281","70,750","88,664","76,280","33,740","13,585","4,841","1,857",749,495,123,17,,計,"209,005",9,105,280,"1,538","6,451","8,466","7,944","10,097","18,414","32,168","54,975","37,864","15,645","9,366","3,720","1,474",421,68
　　不同性別,男,"99,506",—,28,324,"1,191","4,321","11,506","17,647","19,367","17,651","12,739","9,258","3,902",899,313,184,130,41,5,　　不同性別,男,"345,447",5,"1,145","6,794","12,685","23,217","45,954","55,117","63,382","55,543","40,458","25,009","10,555","3,316","1,298",448,376,130,15,　　不同性別,男,"238,183",21,"1,621","4,996","8,113","14,894","24,472","30,840","38,644","47,462","38,788","17,035","6,994","2,533",919,380,362,95,14,　　不同性別,男,"80,651",1,25,121,484,"1,096","2,098","2,641","3,825","6,604","11,206","22,450","16,522","7,148","3,974","1,489",690,235,42
,女,"102,902",—,144,836,"2,215","7,073","17,535","20,966","18,764","14,880","10,040","6,611","2,793",653,268,79,34,10,1,,女,"385,755",24,"2,523","9,620","15,292","28,866","53,610","62,261","67,321","61,540","45,380","26,222","9,473","2,323",828,304,125,40,3,,女,"224,161",192,"3,000","5,391","8,398","18,612","24,252","26,441","32,106","41,202","37,492","16,705","6,591","2,308",938,369,133,28,3,,女,"128,354",8,80,159,"1,054","5,355","6,368","5,303","6,272","11,810","20,962","32,525","21,342","8,497","5,392","2,231",784,186,26
,計,114,—,14,29,19,16,19,13,4,—,—,—,—,—,—,—,—,—,—,,計,716,3,149,261,149,80,48,18,6,2,—,—,—,—,—,—,—,—,—,,計,391,—,121,136,70,40,15,5,4,—,—,—,—,—,—,—,—,—,—,,計,25,—,2,3,5,8,5,1,1,—,—,—,—,—,—,—,—,—,—
　　相同性別,男,43,—,10,19,3,4,4,3,—,—,—,—,—,—,—,—,—,—,—,　　相同性別,男,219,1,51,86,39,23,11,5,3,—,—,—,—,—,—,—,—,—,—,　　相同性別,男,59,—,23,18,9,6,1,—,2,—,—,—,—,—,—,—,—,—,—,　　相同性別,男,—,—,—,—,—,—,—,—,—,—,—,—,—,—,—,—,—,—,—
,女,71,—,4,10,16,12,15,10,4,—,—,—,—,—,—,—,—,—,—,,女,497,2,98,175,110,57,37,13,3,2,—,—,—,—,—,—,—,—,—,,女,332,—,98,118,61,34,14,5,2,—,—,—,—,—,—,—,—,—,—,,女,25,—,2,3,5,8,5,1,1,—,—,—,—,—,—,—,—,—,—
,計,"55,926",—,1,18,77,354,"1,736","3,391","4,997","6,618","7,615","9,023","7,825","4,542","4,094","2,819","2,029",689,98,,計,"224,948",—,29,166,470,"1,963","5,679","11,249","20,567","30,718","37,228","37,343","28,681","18,582","14,129","8,761","6,706","2,323",354,,計,"232,848",3,32,81,344,"1,676","3,703","6,551","14,080","31,342","47,678","35,253","29,050","22,871","17,695","12,837","7,492","1,883",277,,計,"823,701",—,4,10,72,945,"1,730","1,904","3,250","10,738","34,145","103,826","145,891","138,380","172,011","129,220","62,939","16,217","2,419"
喪　　　　偶,男,"17,617",—,—,1,9,74,279,620,"1,185","1,927","2,446","3,133","2,571","1,374","1,309","1,158","1,057",411,63,喪　　　　偶,男,"50,133",—,4,25,77,261,769,"1,446","2,975","4,877","7,220","8,124","6,757","5,234","5,038","3,428","2,802",968,128,喪　　　　偶,男,"42,385",—,8,17,59,152,383,677,"1,768","4,579","7,714","6,085","5,183","4,611","4,086","3,494","2,732",716,121,喪　　　　偶,男,"119,338",—,1,—,—,9,25,64,208,700,"2,477","10,780","16,451","18,041","28,333","25,455","13,103","3,178",513
,女,"38,309",—,1,17,68,280,"1,457","2,771","3,812","4,691","5,169","5,890","5,254","3,168","2,785","1,661",972,278,35,,女,"174,815",—,25,141,393,"1,702","4,910","9,803","17,592","25,841","30,008","29,219","21,924","13,348","9,091","5,333","3,904","1,355",226,,女,"190,463",3,24,64,285,"1,524","3,320","5,874","12,312","26,763","39,964","29,168","23,867","18,260","13,609","9,343","4,760","1,167",156,,女,"704,363",—,3,10,72,936,"1,705","1,840","3,042","10,038","31,668","93,046","129,440","120,339","143,678","103,765","49,836","13,039","1,906"
,計,"55,924",—,1,18,77,354,"1,736","3,391","4,997","6,617","7,614","9,023","7,825","4,542","4,094","2,819","2,029",689,98,,計,"224,936",—,28,164,467,"1,963","5,679","11,247","20,564","30,717","37,228","37,343","28,681","18,582","14,129","8,761","6,706","2,323",354,,計,"232,843",3,32,81,343,"1,674","3,703","6,550","14,079","31,342","47,678","35,253","29,050","22,871","17,695","12,837","7,492","1,883",277,,計,"823,700",—,4,10,72,945,"1,730","1,904","3,249","10,738","34,145","103,826","145,891","138,380","172,011","129,220","62,939","16,217","2,419"
　　不同性別,男,"17,616",—,—,1,9,74,279,620,"1,185","1,926","2,446","3,133","2,571","1,374","1,309","1,158","1,057",411,63,　　不同性別,男,"50,127",—,4,24,76,261,769,"1,445","2,973","4,876","7,220","8,124","6,757","5,234","5,038","3,428","2,802",968,128,　　不同性別,男,"42,382",—,8,17,59,151,383,676,"1,767","4,579","7,714","6,085","5,183","4,611","4,086","3,494","2,732",716,121,　　不同性別,男,"119,337",—,1,—,—,9,25,64,207,700,"2,477","10,780","16,451","18,041","28,333","25,455","13,103","3,178",513
,女,"38,308",—,1,17,68,280,"1,457","2,771","3,812","4,691","5,168","5,890","5,254","3,168","2,785","1,661",972,278,35,,女,"174,809",—,24,140,391,"1,702","4,910","9,802","17,591","25,841","30,008","29,219","21,924","13,348","9,091","5,333","3,904","1,355",226,,女,"190,461",3,24,64,284,"1,523","3,320","5,874","12,312","26,763","39,964","29,168","23,867","18,260","13,609","9,343","4,760","1,167",156,,女,"704,363",—,3,10,72,936,"1,705","1,840","3,042","10,038","31,668","93,046","129,440","120,339","143,678","103,765","49,836","13,039","1,906"
,計,2,—,—,—,—,—,—,—,—,1,1,—,—,—,—,—,—,—,—,,計,12,—,1,2,3,—,—,2,3,1,—,—,—,—,—,—,—,—,—,,計,5,—,—,—,1,2,—,1,1,—,—,—,—,—,—,—,—,—,—,,計,1,—,—,—,—,—,—,—,1,—,—,—,—,—,—,—,—,—,—
　　相同性別,男,1,—,—,—,—,—,—,—,—,1,—,—,—,—,—,—,—,—,—,　　相同性別,男,6,—,—,1,1,—,—,1,2,1,—,—,—,—,—,—,—,—,—,　　相同性別,男,3,—,—,—,—,1,—,1,1,—,—,—,—,—,—,—,—,—,—,　　相同性別,男,1,—,—,—,—,—,—,—,1,—,—,—,—,—,—,—,—,—,—
,女,1,—,—,—,—,—,—,—,—,—,1,—,—,—,—,—,—,—,—,,女,6,—,1,1,2,—,—,1,1,—,—,—,—,—,—,—,—,—,—,,女,2,—,—,—,1,1,—,—,—,—,—,—,—,—,—,—,—,—,—,,女,—,—,—,—,—,—,—,—,—,—,—,—,—,—,—,—,—,—,—